PK_MapID,MapName
501,Queensdale
502,Gendarran Fields
503,Harathi Hinterlands
504,Lion’s Arch
505,Bloodtide Coast
506,Caledon Forest
507,Metrica Province
508,Sparkfly Fen
509,Mount Maelstrom
510,Wayfarer Foothills
511,Snowden Drifts
512,Dredgehaunt Cliffs
513,Lornar’s Pass
514,Timberline Falls
515,Frostgorge Sound
516,Plains of Ashford
517,Iron Marches
518,Blazeridge Steppes
519,Southsun Cove
520,Labyrinthine Cliffs
521,Eye of the North
522,Dry Top
523,Verdant Brink
524,Auric Basin
525,Tangled Depths
526,Dragon’s Stand
527,Lake Doric
528,Crystal Oasis
529,Desert Highlands
530,Elon Riverlands
531,The Desolation
532,Domain of Vabbi
533,Domain of Istan
534,Jahai Bluffs
535,Thunderhead Peaks
536,Grothmar Valley
537,Bjora Marches
538,Seitung Province
539,New Kaineng City
540,The Echovald Wilds
541,Dragon’s End
542,Skywatch Archipelago
543,The Wizard’s Tower
544,Amnytas
545,Janthir Syntri